incoming_id,vertical,source_type,customer_name,address_line_1,address_line_2,city,state,zip_code,notes
INC-001,HC,GPO,Northwell Hlth - Lenox Hill Hosp,100 E 77th St,,New York,NY,10075,Northwell GPO submission
INC-002,HC,3P,Massachusetts General Hospital,55 Fruit St,,Boston,MA,2114,MGH main campus
INC-003,PS,3P,MA Dept of Transportation,10 Park Plaza,Suite 4160,Boston,MA,2116,MassDOT HQ
INC-004,FS,3P,Jones Lang LaSalle - Chicago,200 E Randolph St,,Chicago,IL,60601,JLL Chicago HQ
INC-005,HC,GPO,Northwell - LIJ Oncology Ctr,270-05 76th Ave,Building B,New Hyde Park,NY,11040,LIJ oncology site - Northwell GPO
INC-006,FS,3P,ABM Industries - Logan Airport,1 Harborside Dr,,East Boston,MA,2128,ABM facilities at Logan
INC-007,FS,3P,Aramark Facility Services,1101 Market St,,Philadelphia,PA,19107,Aramark national HQ
INC-008,HC,GPO,Mount Sinai Hosp - Main Campus,1 Gustave L Levy Pl,,New York,NY,10029,Northwell GPO - incorrectly affiliated
INC-009,PS,3P,Boston City Hall,1 City Hall Plz,,Boston,MA,2201,Main municipal building
INC-010,PS,3P,Dept of Education,1211 McGee St,,Kansas City,MO,64106,City school district
INC-011,FS,3P,Cushman & Wakefield - NYC,1290 Ave of the Americas,,New York,NY,10104,CW NYC office
INC-012,HC,3P,Boston Children's Hospital,300 Longwood Ave,,Boston,MA,2115,Pediatric academic medical center
INC-013,FS,3P,CBRE Group - Boston Office,200 State St,Floor 5,Boston,MA,2109,CBRE Boston commercial RE
INC-014,PS,3P,Massport Authority,1 Harborside Dr,Suite 200S,East Boston,MA,2128,Massport HQ
INC-015,PS,3P,MA Registry of Motor Vehicles,136 Blackstone St,,Boston,MA,2109,RMV headquarters
INC-016,PS,GPO,City of Boston - Public Works,1 City Hall Sq,Room 714,Boston,MA,2201,Public works division
INC-017,HC,3P,Quest Diagnostics - BWH,75 Francis St,Suite 1A,Boston,MA,2115,Quest lab operating inside BWH
INC-018,FS,3P,Sodexo Facilities - MGH,55 Fruit St,,Boston,MA,2114,Sodexo vendor inside MGH
INC-019,HC,GPO,NewYork-Presbyterian Hospital,525 E 68th St,,New York,NY,10065,NYP Weill Cornell campus
INC-020,FS,3P,Quill Corp - Boston Fulfillment,25 Drydock Ave,,Boston,MA,2210,Quill fulfillment center
INC-021,HC,GPO,Northwell Hlth - Syosset Hosp,221 Jericho Tpke,,Syosset,NY,11791,Northwell community hospital
INC-022,FS,3P,ABM Industries - Prudential Ctr,800 Boylston St,,Boston,MA,2199,ABM site at Prudential Center
INC-023,HC,GPO,Northwell Hlth - Glen Cove Hosp,101 St Andrews Ln,,Glen Cove,NY,11542,Northwell community hospital GPO
INC-024,PS,3P,Dept of Education - Boston Public Schools,2300 Washington St,,Roxbury,MA,2119,BPS central admin
INC-025,FS,3P,Aramark - Boston Convention Ctr,415 Summer St,,Boston,MA,2210,Aramark BCEC site
INC-026,PS,GPO,Cambridge Public Schools - Admin,159 Broadway,,Cambridge,MA,2139,District central office
INC-027,HC,3P,Tufts Medical Center,800 Washington St,,Boston,MA,2111,Academic medical center
INC-028,HC,GPO,Northwell - Plainview Hosp,888 Old Country Rd,,Plainview,NY,11803,Northwell community hospital
INC-029,PS,3P,Boston Public Library - Central,700 Boylston St,,Boston,MA,2116,Main BPL branch
INC-030,HC,3P,Hartford Hospital,80 Seymour St,,Hartford,CT,6102,Hartford HealthCare - not in system
